{
  "DDInter1": {
    "metadata": {
      "id": "DDInter1",
      "url": "https://ddinter2.scbdd.com/server/drug-detail/DDInter1/",
      "drug_type": "small molecule",
      "formula": "C14H18N6O",
      "weight": "286.332",
      "cas": "136470-78-5",
      "description": "Abacavir (ABC) is a powerful nucleoside analog reverse transcriptase inhibitor (NRTI) used to treat HIV and AIDS. Chemically, it is a synthetic carbocyclic nucleoside and is the enantiomer with 1S, 4R absolute configuration on the cyclopentene ring. In vivo, abacavir sulfate dissociates to its free base, abacavir.",
      "atc_classification": [
        {
          "code": "J05AR13",
          "hierarchy": "J05AR13: Lamivudine, abacavir and dolutegravir<br>J05AR: Antivirals for treatment of hiv infections, combinations<br>J05A: Direct acting antivirals<br>J05: Antivirals for systemic use<br>J: Antiinfectives for systemic use<br>"
        },
        {
          "code": "J05AR02",
          "hierarchy": "J05AR02: Abacavir/lamivudine<br>J05AR: Antivirals for treatment of hiv infections, combinations<br>J05A: Direct acting antivirals<br>J05: Antivirals for systemic use<br>J: Antiinfectives for systemic use<br>"
        },
        {
          "code": "J05AR04",
          "hierarchy": "J05AR04: Abacavir/lamivudine/zidovudine<br>J05AR: Antivirals for treatment of hiv infections, combinations<br>J05A: Direct acting antivirals<br>J05: Antivirals for systemic use<br>J: Antiinfectives for systemic use<br>"
        },
        {
          "code": "J05AF06",
          "hierarchy": "J05AF06: Abacavir<br>J05AF: Nucleoside and nucleotide reverse transcriptase inhibitors<br>J05A: Direct acting antivirals<br>J05: Antivirals for systemic use<br>J: Antiinfectives for systemic use<br>"
        }
      ],
      "iupac_name": "[(1S,4R)-4-[2-amino-6-(cyclopropylamino)-9H-purin-9-yl]cyclopent-2-en-1-yl]methanol",
      "inchi": "MCGSCOLBFJQGHM-SCZZXKLOSA-N",
      "smiles": "NC1=NC2=C(N=CN2[C@@H]2C[C@H](CO)C=C2)C(NC2CC2)=N1",
      "external_links": {
        "DrugBank": "https://go.drugbank.com/drugs/DB01048",
        "ChEBI": "http://www.ebi.ac.uk/chebi/searchId.do?chebiId=421707",
        "PubChem Substance": "http://pubchem.ncbi.nlm.nih.gov/summary/summary.cgi?sid=46505718",
        "KEGG Compound": "http://www.genome.jp/dbget-bin/www_bget?cpd:C07624",
        "KEGG Drug": "http://www.genome.jp/dbget-bin/www_bget?drug:D07057",
        "ChemSpider": "http://www.chemspider.com/Chemical-Structure.390063.html",
        "BindingDB": "http://www.bindingdb.org/bind/chemsearch/marvin/MolStructure.jsp?monomerid=50366816",
        "PharmGKB": "http://www.pharmgkb.org/drug/PA448004",
        "Therapeutic Targets Database": "http://bidd.nus.edu.sg/group/cjttd/ZFTTDDRUG.asp?ID=DAP000704",
        "Wikipedia": "https://en.wikipedia.org/wiki/Abacavir",
        "ChEMBL": "https://www.ebi.ac.uk/chembl/compound_report_card/CHEMBL1380/",
        "ZINC": "https://zinc.docking.org/substances/ZINC000002015928"
      }
    },
    "food_interactions": [],
    "disease_interactions": [],
    "metabolism_data": [],
    "interactions": []
  },
  "DDInter10": {
    "metadata": {
      "id": "DDInter10",
      "url": "https://ddinter2.scbdd.com/server/drug-detail/DDInter10/",
      "drug_type": "small molecule",
      "formula": "C5H11NO4S",
      "weight": "181.210",
      "cas": "77337-76-9",
      "description": "Alcohol use disorder is responsible for a large worldwide burden of morbidity, premature mortality, and economic consequences resulting from accidents, violence, incarceration, decreased productivity, and increased healthcare spending.[A229073] Acamprosate, also known by the brand name Campral, is a drug used for the maintenance of alcohol abstinence. It is a structural analogue of the neurotransmitter γ-aminobutyric acid (GABA).[L31758] Acamprosate is the first medication specifically formulated for the maintenance of alcohol abstinence in ethanol-dependent patients after alcohol detoxification[A997], unlike [naltrexone] and [disulfiram]. It was first approved by the FDA in 2004 and initially marketed by Forest Laboratories.[L31783]",
      "atc_classification": [
        {
          "code": "N07BB03",
          "hierarchy": "N07BB03: Acamprosate<br>N07BB: Drugs used in alcohol dependence<br>N07B: Drugs used in addictive disorders<br>N07: Other nervous system drugs<br>N: Nervous system<br>"
        }
      ],
      "iupac_name": "3-acetamidopropane-1-sulfonic acid",
      "inchi": "AFCGFAGUEYAMAO-UHFFFAOYSA-N",
      "smiles": "CC(=O)NCCCS(O)(=O)=O",
      "external_links": {
        "DrugBank": "https://go.drugbank.com/drugs/DB00659",
        "ChEBI": "http://www.ebi.ac.uk/chebi/searchId.do?chebiId=51041",
        "PubChem Substance": "http://pubchem.ncbi.nlm.nih.gov/summary/summary.cgi?sid=46506657",
        "KEGG Drug": "http://www.genome.jp/dbget-bin/www_bget?drug:D07058",
        "ChemSpider": "http://www.chemspider.com/Chemical-Structure.64300.html",
        "PharmGKB": "http://www.pharmgkb.org/drug/PA10344",
        "Therapeutic Targets Database": "http://bidd.nus.edu.sg/group/cjttd/ZFTTDDRUG.asp?ID=DAP000857",
        "Wikipedia": "https://en.wikipedia.org/wiki/Acamprosate",
        "ChEMBL": "https://www.ebi.ac.uk/chembl/compound_report_card/CHEMBL1201293/",
        "ZINC": "https://zinc.docking.org/substances/ZINC000001554588"
      }
    },
    "food_interactions": [],
    "disease_interactions": [],
    "metabolism_data": [],
    "interactions": []
  },
  "DDInter100": {
    "metadata": {
      "id": "DDInter100",
      "url": "https://ddinter2.scbdd.com/server/drug-detail/DDInter100/",
      "drug_type": "biotech",
      "formula": "None",
      "weight": "-",
      "cas": "-",
      "description": "Anthrax vaccine is a vaccine used for the pre- or post-exposure prophylaxis of disease in at high risk of, suspected or confirmed exposure to *Bacillus anthracis*. It is subcutaneously or intramuscularly administered. It is derived from cell-free filtrates of microaerophilic cultures of an avirulent, nonencapsulated strain of Bacillus anthracis which are grown in a chemically defined protein-free medium [FDA Label].",
      "external_links": {
        "DrugBank": "https://go.drugbank.com/drugs/DB11003",
        "PubChem Substance": "http://pubchem.ncbi.nlm.nih.gov/summary/summary.cgi?sid=347911075",
        "Wikipedia": "https://en.wikipedia.org/wiki/Anthrax_vaccine"
      }
    },
    "food_interactions": [],
    "disease_interactions": [],
    "metabolism_data": [],
    "interactions": []
  },
  "DDInter1000": {
    "metadata": {
      "id": "DDInter1000",
      "url": "https://ddinter2.scbdd.com/server/drug-detail/DDInter1000/",
      "drug_type": "small molecule",
      "formula": "C28H22ClF3N6O3",
      "weight": "582.970",
      "cas": "1448347-49-6",
      "description": "Ivosidenib is a first-in-class isocitrate dehydrogenase-1 (IDH1) inhibitor. IDH1 is an enzyme that is often mutated and overexpressed in some cancers, leading to aberrant cell growth and proliferation.[A248750] Ivosidenib inhibits mutated IDH1, blocking the enzymatic activity and further differentiation of cancer cells.[A248745] Ivosidenib was granted accelerated approval by the FDA in July 2018 for the treatment of relapsed of refractory acute myeloid leukemia in adults.[A248745] It is currently approved to also treat newly diagnosed acute myeloid leukemia in older adults in combination [azacitidine] or as monotherapy, as well as locally advanced or metastatic cholangiocarcinoma in adults. The drug is only effective in patients with a susceptible IDH1 mutation.[L41870]",
      "atc_classification": [
        {
          "code": "L01XX62",
          "hierarchy": "L01XX62: Ivosidenib<br>L01XX: Other antineoplastic agents<br>L01X: Other antineoplastic agents<br>L01: Antineoplastic agents<br>L: Antineoplastic and immunomodulating agents<br>"
        }
      ],
      "iupac_name": "(2S)-2-(2-chlorophenyl)-2-{1-[(2S)-1-(4-cyanopyridin-2-yl)-5-oxopyrrolidin-2-yl]-N-(5-fluoropyridin-3-yl)formamido}-N-(3,3-difluorocyclobutyl)acetamide",
      "inchi": "WIJZXSAJMHAVGX-DHLKQENFSA-N",
      "smiles": "[H][C@@](N(C(=O)[C@]1([H])CCC(=O)N1C1=NC=CC(=C1)C#N)C1=CC(F)=CN=C1)(C(=O)NC1CC(F)(F)C1)C1=C(Cl)C=CC=C1",
      "external_links": {
        "DrugBank": "https://go.drugbank.com/drugs/DB14568",
        "ChEBI": "http://www.ebi.ac.uk/chebi/searchId.do?chebiId=145430",
        "ChemSpider": "http://www.chemspider.com/Chemical-Structure.38772333.html",
        "BindingDB": "http://www.bindingdb.org/bind/chemsearch/marvin/MolStructure.jsp?monomerid=363689",
        "Wikipedia": "https://en.wikipedia.org/wiki/Ivosidenib",
        "ChEMBL": "https://www.ebi.ac.uk/chembl/compound_report_card/CHEMBL3989958/",
        "ZINC": "https://zinc.docking.org/substances/ZINC000205136523"
      }
    },
    "food_interactions": [],
    "disease_interactions": [],
    "metabolism_data": [],
    "interactions": []
  },
  "DDInter1001": {
    "metadata": {
      "id": "DDInter1001",
      "url": "https://ddinter2.scbdd.com/server/drug-detail/DDInter1001/",
      "drug_type": "small molecule",
      "formula": "C27H42N2O5S",
      "weight": "506.700",
      "cas": "219989-84-1",
      "description": "Ixabepilone is an epothilone B analog developed by Bristol-Myers Squibb as a cancer drug. It was FDA approved on October 16, 2007, for the treatment of unresponsive aggressive metastatic or locally advanced breast cancer. Ixabepilone is administered through injection, and will be marketed under the trade name Ixempra. Ixabepilone is a semisynthetic analogue of epothilone B. It has a lactone–lactam modification that minimizes susceptibility to esterase degradation.",
      "atc_classification": [
        {
          "code": "L01DC04",
          "hierarchy": "L01DC04: Ixabepilone<br>L01DC: Other cytotoxic antibiotics<br>L01D: Cytotoxic antibiotics and related substances<br>L01: Antineoplastic agents<br>L: Antineoplastic and immunomodulating agents<br>"
        }
      ],
      "iupac_name": "(1S,3S,7S,10R,11S,12S,16R)-7,11-dihydroxy-8,8,10,12,16-pentamethyl-3-[(1E)-1-(2-methyl-1,3-thiazol-4-yl)prop-1-en-2-yl]-17-oxa-4-azabicyclo[14.1.0]heptadecane-5,9-dione",
      "inchi": "FABUFPQFXZVHFB-PVYNADRNSA-N",
      "smiles": "[H][C@]12C[C@H](NC(=O)C[C@H](O)C(C)(C)C(=O)[C@H](C)[C@@H](O)[C@@H](C)CCC[C@@]1(C)O2)C(\\C)=C\\C1=CSC(C)=N1",
      "external_links": {
        "DrugBank": "https://go.drugbank.com/drugs/DB04845",
        "ChEBI": "http://www.ebi.ac.uk/chebi/searchId.do?chebiId=63605",
        "PubChem Substance": "http://pubchem.ncbi.nlm.nih.gov/summary/summary.cgi?sid=99443224",
        "KEGG Drug": "http://www.genome.jp/dbget-bin/www_bget?drug:D04645",
        "ChemSpider": "http://www.chemspider.com/Chemical-Structure.20145579.html",
        "PharmGKB": "http://www.pharmgkb.org/drug/PA165958343",
        "Wikipedia": "https://en.wikipedia.org/wiki/Ixabepilone",
        "ChEMBL": "https://www.ebi.ac.uk/chembl/compound_report_card/CHEMBL1201752/",
        "ZINC": "https://zinc.docking.org/substances/ZINC000003993846"
      }
    },
    "food_interactions": [],
    "disease_interactions": [],
    "metabolism_data": [],
    "interactions": []
  }
}