id,drug_type,formula,weight,cas,iupac_name,inchi,smiles,url
DDInter1,small molecule,C14H18N6O,286.332,136470-78-5,"[(1S,4R)-4-[2-amino-6-(cyclopropylamino)-9H-purin-9-yl]cyclopent-2-en-1-yl]methanol",MCGSCOLBFJQGHM-SCZZXKLOSA-N,NC1=NC2=C(N=CN2[C@@H]2C[C@H](CO)C=C2)C(NC2CC2)=N1,https://ddinter2.scbdd.com/server/drug-detail/DDInter1/
DDInter10,small molecule,C5H11NO4S,181.210,77337-76-9,3-acetamidopropane-1-sulfonic acid,AFCGFAGUEYAMAO-UHFFFAOYSA-N,CC(=O)NCCCS(O)(=O)=O,https://ddinter2.scbdd.com/server/drug-detail/DDInter10/
DDInter100,biotech,None,-,-,,,,https://ddinter2.scbdd.com/server/drug-detail/DDInter100/
DDInter1000,small molecule,C28H22ClF3N6O3,582.970,1448347-49-6,"(2S)-2-(2-chlorophenyl)-2-{1-[(2S)-1-(4-cyanopyridin-2-yl)-5-oxopyrrolidin-2-yl]-N-(5-fluoropyridin-3-yl)formamido}-N-(3,3-difluorocyclobutyl)acetamide",WIJZXSAJMHAVGX-DHLKQENFSA-N,[H][C@@](N(C(=O)[C@]1([H])CCC(=O)N1C1=NC=CC(=C1)C#N)C1=CC(F)=CN=C1)(C(=O)NC1CC(F)(F)C1)C1=C(Cl)C=CC=C1,https://ddinter2.scbdd.com/server/drug-detail/DDInter1000/
DDInter1001,small molecule,C27H42N2O5S,506.700,219989-84-1,"(1S,3S,7S,10R,11S,12S,16R)-7,11-dihydroxy-8,8,10,12,16-pentamethyl-3-[(1E)-1-(2-methyl-1,3-thiazol-4-yl)prop-1-en-2-yl]-17-oxa-4-azabicyclo[14.1.0]heptadecane-5,9-dione",FABUFPQFXZVHFB-PVYNADRNSA-N,[H][C@]12C[C@H](NC(=O)C[C@H](O)C(C)(C)C(=O)[C@H](C)[C@@H](O)[C@@H](C)CCC[C@@]1(C)O2)C(\C)=C\C1=CSC(C)=N1,https://ddinter2.scbdd.com/server/drug-detail/DDInter1001/
