id,name,type,formula,weight,cas,iupac,inchi,smiles,atc_primary,atc_others,links,url
DDInter20,Acetylsalicylic acid,small molecule,C9H8O4,180.157,50-78-2,2-(acetyloxy)benzoic acid,BSYNRYMUTXBXSQ-UHFFFAOYSA-N,CC(=O)OC1=CC=CC=C1C(O)=O,B01AC06,C07FX04; C10BX04; M01BA03; N02BA71; C10BX02; B01AC56; N02AJ07; N02AJ02; N02BA01; C10BX05; N02BA51; A01AD05; C10BX01; C07FX03; N02AJ18; C10BX12; C10BX08; C10BX06; C07FX02,DrugBank: https://go.drugbank.com/drugs/DB00945; ChEBI: http://www.ebi.ac.uk/chebi/searchId.do?chebiId=15365; PubChem Substance: http://pubchem.ncbi.nlm.nih.gov/summary/summary.cgi?sid=46505803; KEGG Compound: http://www.genome.jp/dbget-bin/www_bget?cpd:C01405; KEGG Drug: http://www.genome.jp/dbget-bin/www_bget?drug:D00109; ChemSpider: http://www.chemspider.com/Chemical-Structure.2157.html; BindingDB: http://www.bindingdb.org/bind/chemsearch/marvin/MolStructure.jsp?monomerid=22360; PharmGKB: http://www.pharmgkb.org/drug/PA448497; Therapeutic Targets Database: http://bidd.nus.edu.sg/group/cjttd/ZFTTDDRUG.asp?ID=DAP000843; Guide to Pharmacology: http://www.guidetopharmacology.org/GRAC/LigandDisplayForward?ligandId=4139; Wikipedia: https://en.wikipedia.org/wiki/Aspirin; ChEMBL: https://www.ebi.ac.uk/chembl/compound_report_card/CHEMBL25/; ZINC: https://zinc.docking.org/substances/ZINC000000000053,https://ddinter2.scbdd.com/server/drug-detail/DDInter20/
DDInter1,Abacavir,small molecule,C14H18N6O,286.332,136470-78-5,"[(1S,4R)-4-[2-amino-6-(cyclopropylamino)-9H-purin-9-yl]cyclopent-2-en-1-yl]methanol",MCGSCOLBFJQGHM-SCZZXKLOSA-N,NC1=NC2=C(N=CN2[C@@H]2C[C@H](CO)C=C2)C(NC2CC2)=N1,J05AR13,J05AR02; J05AR04; J05AF06,DrugBank: https://go.drugbank.com/drugs/DB01048; ChEBI: http://www.ebi.ac.uk/chebi/searchId.do?chebiId=421707; PubChem Substance: http://pubchem.ncbi.nlm.nih.gov/summary/summary.cgi?sid=46505718; KEGG Compound: http://www.genome.jp/dbget-bin/www_bget?cpd:C07624; KEGG Drug: http://www.genome.jp/dbget-bin/www_bget?drug:D07057; ChemSpider: http://www.chemspider.com/Chemical-Structure.390063.html; BindingDB: http://www.bindingdb.org/bind/chemsearch/marvin/MolStructure.jsp?monomerid=50366816; PharmGKB: http://www.pharmgkb.org/drug/PA448004; Therapeutic Targets Database: http://bidd.nus.edu.sg/group/cjttd/ZFTTDDRUG.asp?ID=DAP000704; Wikipedia: https://en.wikipedia.org/wiki/Abacavir; ChEMBL: https://www.ebi.ac.uk/chembl/compound_report_card/CHEMBL1380/; ZINC: https://zinc.docking.org/substances/ZINC000002015928,https://ddinter2.scbdd.com/server/drug-detail/DDInter1/
DDInter10,Acamprosate,small molecule,C5H11NO4S,181.210,77337-76-9,3-acetamidopropane-1-sulfonic acid,AFCGFAGUEYAMAO-UHFFFAOYSA-N,CC(=O)NCCCS(O)(=O)=O,N07BB03,,DrugBank: https://go.drugbank.com/drugs/DB00659; ChEBI: http://www.ebi.ac.uk/chebi/searchId.do?chebiId=51041; PubChem Substance: http://pubchem.ncbi.nlm.nih.gov/summary/summary.cgi?sid=46506657; KEGG Drug: http://www.genome.jp/dbget-bin/www_bget?drug:D07058; ChemSpider: http://www.chemspider.com/Chemical-Structure.64300.html; PharmGKB: http://www.pharmgkb.org/drug/PA10344; Therapeutic Targets Database: http://bidd.nus.edu.sg/group/cjttd/ZFTTDDRUG.asp?ID=DAP000857; Wikipedia: https://en.wikipedia.org/wiki/Acamprosate; ChEMBL: https://www.ebi.ac.uk/chembl/compound_report_card/CHEMBL1201293/; ZINC: https://zinc.docking.org/substances/ZINC000001554588,https://ddinter2.scbdd.com/server/drug-detail/DDInter10/
DDInter100,Anthrax vaccine,biotech,None,-,-,,,,,,DrugBank: https://go.drugbank.com/drugs/DB11003; PubChem Substance: http://pubchem.ncbi.nlm.nih.gov/summary/summary.cgi?sid=347911075; Wikipedia: https://en.wikipedia.org/wiki/Anthrax_vaccine,https://ddinter2.scbdd.com/server/drug-detail/DDInter100/
DDInter1000,Ivosidenib,small molecule,C28H22ClF3N6O3,582.970,1448347-49-6,"(2S)-2-(2-chlorophenyl)-2-{1-[(2S)-1-(4-cyanopyridin-2-yl)-5-oxopyrrolidin-2-yl]-N-(5-fluoropyridin-3-yl)formamido}-N-(3,3-difluorocyclobutyl)acetamide",WIJZXSAJMHAVGX-DHLKQENFSA-N,[H][C@@](N(C(=O)[C@]1([H])CCC(=O)N1C1=NC=CC(=C1)C#N)C1=CC(F)=CN=C1)(C(=O)NC1CC(F)(F)C1)C1=C(Cl)C=CC=C1,L01XX62,,DrugBank: https://go.drugbank.com/drugs/DB14568; ChEBI: http://www.ebi.ac.uk/chebi/searchId.do?chebiId=145430; ChemSpider: http://www.chemspider.com/Chemical-Structure.38772333.html; BindingDB: http://www.bindingdb.org/bind/chemsearch/marvin/MolStructure.jsp?monomerid=363689; Wikipedia: https://en.wikipedia.org/wiki/Ivosidenib; ChEMBL: https://www.ebi.ac.uk/chembl/compound_report_card/CHEMBL3989958/; ZINC: https://zinc.docking.org/substances/ZINC000205136523,https://ddinter2.scbdd.com/server/drug-detail/DDInter1000/
DDInter1001,Ixabepilone,small molecule,C27H42N2O5S,506.700,219989-84-1,"(1S,3S,7S,10R,11S,12S,16R)-7,11-dihydroxy-8,8,10,12,16-pentamethyl-3-[(1E)-1-(2-methyl-1,3-thiazol-4-yl)prop-1-en-2-yl]-17-oxa-4-azabicyclo[14.1.0]heptadecane-5,9-dione",FABUFPQFXZVHFB-PVYNADRNSA-N,[H][C@]12C[C@H](NC(=O)C[C@H](O)C(C)(C)C(=O)[C@H](C)[C@@H](O)[C@@H](C)CCC[C@@]1(C)O2)C(\C)=C\C1=CSC(C)=N1,L01DC04,,DrugBank: https://go.drugbank.com/drugs/DB04845; ChEBI: http://www.ebi.ac.uk/chebi/searchId.do?chebiId=63605; PubChem Substance: http://pubchem.ncbi.nlm.nih.gov/summary/summary.cgi?sid=99443224; KEGG Drug: http://www.genome.jp/dbget-bin/www_bget?drug:D04645; ChemSpider: http://www.chemspider.com/Chemical-Structure.20145579.html; PharmGKB: http://www.pharmgkb.org/drug/PA165958343; Wikipedia: https://en.wikipedia.org/wiki/Ixabepilone; ChEMBL: https://www.ebi.ac.uk/chembl/compound_report_card/CHEMBL1201752/; ZINC: https://zinc.docking.org/substances/ZINC000003993846,https://ddinter2.scbdd.com/server/drug-detail/DDInter1001/
